{
  "yaw_deg": 8.361070096667262,
  "pitch_deg": 167.757106600596,
  "roll_deg": -0.07257766587554215
}